{
  "layout": [
    {
      "displayName": "Adaptive Region",
      "width": 12,
      "resources": {
        "en": {
          "displayName": "Adaptive Region"
        }
      },
      "slot": "header-with-notification-device-slot",
      "type": "header",
      "structure": "slot"
    },
    {
      "components": [
        "login"
      ],
      "width": 12,
      "type": "main"
    },
    {
      "components": [
        "footer"
      ],
      "width": 12,
      "type": "footer"
    }
  ],
  "settings": {
    "pageDisplayName": {
      "en": {
        "pageDisplayName": "Error 401 - Unauthorized"
      }
    }
  },
  "defaultPage": true,
  "address": "401",
  "title": "Error 401 - Unauthorized",
  "shortName": "401",
  "pageTypeDisplayName": {
    "en": {
      "pageTypeDisplayName": "401"
    }
  }
}