{
  "layout": [
    {
      "displayName": "Adaptive Region",
      "width": 12,
      "resources": {
        "en": {
          "displayName": "Adaptive Region"
        }
      },
      "slot": "header-with-notification-device-slot",
      "type": "header",
      "structure": "slot"
    },
    {
      "components": [
        "error"
      ],
      "width": 12,
      "type": "main"
    },
    {
      "components": [
        "footer"
      ],
      "width": 12,
      "type": "footer"
    }
  ],
  "settings": {
    "pageDisplayName": {
      "en": {
        "pageDisplayName": "Error 404 - Not Found"
      }
    }
  },
  "defaultPage": true,
  "address": "404",
  "title": "Error 404 - Not Found",
  "shortName": "404",
  "pageTypeDisplayName": {
    "en": {
      "pageTypeDisplayName": "404"
    }
  }
}