{
  "layout": [
    {
      "displayName": "Adaptive Region",
      "width": 12,
      "resources": {
        "en": {
          "displayName": "Adaptive Region"
        }
      },
      "slot": "header-with-notification-device-slot",
      "type": "header",
      "structure": "slot"
    },
    {
      "components": [
        "home-breadcrumb",
        "login-responsive",
        "back-to-top-link"
      ],
      "width": 12,
      "type": "main"
    },
    {
      "components": [
        "footer"
      ],
      "width": 12,
      "type": "footer"
    }
  ],
  "settings": {
    "pageDisplayName": {
      "en": {
        "pageDisplayName": "Login"
      }
    }
  },
  "defaultPage": true,
  "address": "login",
  "title": "Log in",
  "shortName": "login",
  "pageTypeDisplayName": {
    "en": {
      "pageTypeDisplayName": "login"
    }
  }
}